label,x1,x2,x3,x4,x5,x6,x7,x8,x9,x10,x11,x12,x13,x14,x15,x16,x17,x18,x19,x20,x21,x22,x23,x24,x25,x26,x27,x28,x29,x30,x31,x32,x33,x34,x35,x36,x37,x38,x39,x40,x41,x42,x43,x44,x45,x46,x47,x48,x49,x50,x51,x52,x53,x54,x55,x56,x57,x58,x59,x60,x61,x62,x63,timestamp,wrist_x,wrist_y,wrist_z,thumb_cmc_x,thumb_cmc_y,thumb_cmc_z,thumb_mcp_x,thumb_mcp_y,thumb_mcp_z,thumb_ip_x,thumb_ip_y,thumb_ip_z,thumb_tip_x,thumb_tip_y,thumb_tip_z,index_mcp_x,index_mcp_y,index_mcp_z,index_pip_x,index_pip_y,index_pip_z,index_dip_x,index_dip_y,index_dip_z,index_tip_x,index_tip_y,index_tip_z,middle_mcp_x,middle_mcp_y,middle_mcp_z,middle_pip_x,middle_pip_y,middle_pip_z,middle_dip_x,middle_dip_y,middle_dip_z,middle_tip_x,middle_tip_y,middle_tip_z,ring_mcp_x,ring_mcp_y,ring_mcp_z,ring_pip_x,ring_pip_y,ring_pip_z,ring_dip_x,ring_dip_y,ring_dip_z,ring_tip_x,ring_tip_y,ring_tip_z,pinky_mcp_x,pinky_mcp_y,pinky_mcp_z,pinky_pip_x,pinky_pip_y,pinky_pip_z,pinky_dip_x,pinky_dip_y,pinky_dip_z,pinky_tip_x,pinky_tip_y,pinky_tip_z
paper,0.2397284805774688,0.980536937713623,6.013052029629762e-07,0.3361450135707855,0.9117847084999084,-0.0294578950852155,0.4254034161567688,0.7881135940551758,-0.0397025980055332,0.4977850914001465,0.7040373682975769,-0.0527492649853229,0.5625855922698975,0.6767989993095398,-0.0663717687129974,0.3703170418739319,0.5712880492210388,-0.0064900750294327,0.4134861826896667,0.4316784143447876,-0.0257475096732378,0.4348569512367248,0.3502064347267151,-0.0454503335058689,0.4502362012863159,0.2747829556465149,-0.062299083918333,0.3135401308536529,0.5480046272277832,-0.015245665796101,0.3375750184059143,0.3827793896198272,-0.0305229909718036,0.3499683141708374,0.2865500748157501,-0.048936516046524,0.3558270335197449,0.204424500465393,-0.0648140683770179,0.2556827068328857,0.5603951811790466,-0.0305058825761079,0.268214464187622,0.4054342210292816,-0.0508163087069988,0.280679315328598,0.3153056502342224,-0.0710298269987106,0.2910393476486206,0.2347985506057739,-0.0870688706636428,0.1931536644697189,0.6050577163696289,-0.0501243658363819,0.1654977798461914,0.490208089351654,-0.0738908499479293,0.1456053704023361,0.4179460406303406,-0.0872506946325302,0.1292191743850708,0.3471527397632599,-0.0969942659139633,,,,,,,,,,,,,,,,,,,,,,,,,,,,,,,,,,,,,,,,,,,,,,,,,,,,,,,,,,,,,,,,
scissors,,,,,,,,,,,,,,,,,,,,,,,,,,,,,,,,,,,,,,,,,,,,,,,,,,,,,,,,,,,,,,,,2025-07-12T18:43:25.213175,0.237331822514534,0.6261669993400574,3.21600992947424e-07,0.2376703023910522,0.5418545603752136,0.0151932965964078,0.2365366220474243,0.4747801423072815,0.0102876406162977,0.2435854077339172,0.4212628901004791,-0.0014116883976384,0.252301275730133,0.3941091299057007,-0.0116302594542503,0.1730538159608841,0.4566326439380646,0.0007533399621024,0.1625259667634964,0.3733137249946594,-0.0098303453996777,0.1516864448785781,0.3265968859195709,-0.018296493217349,0.1374640315771103,0.2893771231174469,-0.0258144382387399,0.1797845661640167,0.4698024690151214,-0.0183718204498291,0.1765968650579452,0.3781822621822357,-0.035657487809658,0.169124037027359,0.3213067650794983,-0.0476170927286148,0.1588989049196243,0.2780668139457702,-0.0567702278494834,0.1942781955003738,0.4879298508167267,-0.0352676734328269,0.2170583307743072,0.3916909098625183,-0.0464324653148651,0.2406270653009414,0.407904177904129,-0.0383140183985233,0.2488638758659362,0.4308066964149475,-0.0309115536510944,0.2166189104318618,0.49956214427948,-0.0519269108772277,0.2332805395126342,0.4247457385063171,-0.0525031983852386,0.2488275319337844,0.4315429627895355,-0.0414593443274498,0.2559077441692352,0.4497189521789551,-0.0332089886069297
rock,0.2139626890420913,0.798159122467041,-3.7037219158264644e-07,0.2880365550518036,0.6979508996009827,0.0024701331276446,0.3143985271453857,0.5862082839012146,-0.0067350566387176,0.3374943137168884,0.5055820941925049,-0.0217125974595546,0.3548387587070465,0.4257402718067169,-0.0287429224699735,0.1980619728565216,0.4632871150970459,0.0031819297000765,0.2986536026000976,0.4046932756900787,-0.0327259749174118,0.3068293333053589,0.4939598739147186,-0.050799548625946,0.2848729491233825,0.5328140258789062,-0.0590791627764701,0.1791586279869079,0.4695967137813568,-0.0137097723782062,0.3052494525909424,0.4371904134750366,-0.0467578656971454,0.3047711253166199,0.5386529564857483,-0.0490796193480491,0.2765128016471863,0.561977744102478,-0.0455114021897316,0.1775377094745636,0.4946824312210083,-0.0347745195031166,0.3036708235740661,0.4901029169559479,-0.0628648027777671,0.2974390685558319,0.5795702934265137,-0.0506769195199012,0.2657631337642669,0.5941058993339539,-0.0381737798452377,0.1893167793750763,0.534477710723877,-0.0567988418042659,0.2897528409957886,0.5399262309074402,-0.0695621520280838,0.2864336371421814,0.6025609970092773,-0.0595935843884944,0.2575608789920807,0.6146145462989807,-0.0504712462425231,,,,,,,,,,,,,,,,,,,,,,,,,,,,,,,,,,,,,,,,,,,,,,,,,,,,,,,,,,,,,,,,
scissors,,,,,,,,,,,,,,,,,,,,,,,,,,,,,,,,,,,,,,,,,,,,,,,,,,,,,,,,,,,,,,,,2025-07-12T18:43:15.151002,0.2397606372833252,0.8963695764541626,8.123614065880247e-07,0.2813739776611328,0.83852618932724,-0.0354280360043048,0.2982085049152374,0.7434645891189575,-0.0536867901682853,0.2639699876308441,0.7080995440483093,-0.0713158547878265,0.2196319550275802,0.6932966113090515,-0.0870033428072929,0.273770123720169,0.5930805206298828,-0.0327219851315021,0.2827030718326568,0.4607208669185638,-0.0614715106785297,0.2877309620380401,0.378646969795227,-0.0772937834262847,0.288074254989624,0.3093089163303375,-0.0852247476577758,0.2298233062028885,0.6013458371162415,-0.0344139039516449,0.2235777378082275,0.4792883992195129,-0.0717255622148513,0.2166366279125213,0.3920279741287231,-0.0924911424517631,0.2077527642250061,0.3227328360080719,-0.0993713289499282,0.1920503973960876,0.6322373151779175,-0.0401251725852489,0.207500621676445,0.6343531012535095,-0.089503601193428,0.2280595153570175,0.706931471824646,-0.1031529009342193,0.2380209863185882,0.7537761330604553,-0.0969793274998664,0.1612894237041473,0.6743709444999695,-0.0486100241541862,0.1915042400360107,0.706716001033783,-0.0868412107229232,0.2193850874900818,0.7666674852371216,-0.0941287353634834,0.2361403703689575,0.804025411605835,-0.0890105441212654
paper,,,,,,,,,,,,,,,,,,,,,,,,,,,,,,,,,,,,,,,,,,,,,,,,,,,,,,,,,,,,,,,,2025-07-12T18:43:44.284304,0.1573791950941085,0.5517936944961548,3.720336678725289e-07,0.1810789257287979,0.5182616710662842,-0.0263836830854415,0.2005208283662796,0.4674905836582184,-0.0400798916816711,0.220195472240448,0.4205469489097595,-0.0511464364826679,0.2410805225372314,0.3874404430389404,-0.0617732480168342,0.1595454812049865,0.3747177720069885,-0.0229598209261894,0.1592325717210769,0.3033152818679809,-0.0370329804718494,0.1583533883094787,0.2560915350914001,-0.0493482537567615,0.1583455055952072,0.2141834050416946,-0.0585104003548622,0.1389141529798507,0.3726387023925781,-0.0192939713597297,0.129363015294075,0.2953956425189972,-0.0312281753867864,0.124590590596199,0.2405373603105545,-0.0426299236714839,0.122011050581932,0.1934407651424408,-0.0511256568133831,0.1228410229086875,0.3876761496067047,-0.0183574948459863,0.1112513691186904,0.3177049458026886,-0.0300160478800535,0.1065006107091903,0.2703065276145935,-0.0404794700443744,0.1045185849070549,0.2281751930713653,-0.0477677471935749,0.109770119190216,0.4152153730392456,-0.0199406705796718,0.0931736677885055,0.3746283650398254,-0.0311424694955348,0.082914225757122,0.3448210656642914,-0.0381475985050201,0.0748401656746864,0.3157914280891418,-0.0427188575267791
paper,,,,,,,,,,,,,,,,,,,,,,,,,,,,,,,,,,,,,,,,,,,,,,,,,,,,,,,,,,,,,,,,2025-07-12T18:43:42.484198,0.416805624961853,0.9223361611366272,4.239779798353993e-07,0.4527791738510132,0.8806777596473694,-0.0252709165215492,0.4807465374469757,0.8198398351669312,-0.0372272059321403,0.5061944127082825,0.7701785564422607,-0.0469885356724262,0.5296937823295593,0.7377389669418335,-0.0565527193248271,0.4385066926479339,0.7291698455810547,-0.0209007691591978,0.4467875957489013,0.6487744450569153,-0.0355558656156063,0.4508750438690185,0.5963111519813538,-0.0481237061321735,0.4545077979564667,0.5500205755233765,-0.057311937212944,0.4118367433547973,0.7237821221351624,-0.0187274925410747,0.4086310863494873,0.6334967017173767,-0.0310428459197282,0.4076860547065735,0.5716265439987183,-0.0428054891526699,0.4075317084789276,0.5187849402427673,-0.0515854135155677,0.3881534934043884,0.7363914847373962,-0.0195746980607509,0.3797781765460968,0.6543810963630676,-0.0325444154441356,0.3772337138652801,0.5995349884033203,-0.0438180863857269,0.3766005933284759,0.55091792345047,-0.0513747222721576,0.3664517402648926,0.7638480067253113,-0.0228522978723049,0.3490848243236542,0.7091034054756165,-0.0357178635895252,0.3383653163909912,0.6712097525596619,-0.043133907020092,0.3302977383136749,0.6330379843711853,-0.0477472059428691
rock,,,,,,,,,,,,,,,,,,,,,,,,,,,,,,,,,,,,,,,,,,,,,,,,,,,,,,,,,,,,,,,,2025-07-12T18:42:50.335949,0.3176314532756805,0.8280869722366333,-1.3187494118938048e-07,0.393626719713211,0.7943744659423828,-0.0504213161766529,0.4529011249542236,0.7309513092041016,-0.0876112952828407,0.4713993966579437,0.657488226890564,-0.1201949790120124,0.435234010219574,0.6378077268600464,-0.1465606987476349,0.4076775908470154,0.5242042541503906,-0.0558870919048786,0.4407309293746948,0.5537797808647156,-0.106929138302803,0.4252362847328186,0.638120174407959,-0.1278516799211502,0.4039256274700165,0.641200602054596,-0.1371162831783294,0.357240229845047,0.5186128616333008,-0.0537619180977344,0.3950303494930267,0.5592797994613647,-0.1082944720983505,0.3852207362651825,0.6750341057777405,-0.115913987159729,0.3709106147289276,0.6497681140899658,-0.1109192296862602,0.3132854700088501,0.5395768880844116,-0.0582224316895008,0.342362493276596,0.5914449691772461,-0.1103808507323265,0.3434450030326843,0.6838271617889404,-0.1003193780779838,0.3327133059501648,0.6596209406852722,-0.083346426486969,0.274783045053482,0.5647488236427307,-0.0669668763875961,0.2969144284725189,0.6010562181472778,-0.0964704230427742,0.3049810528755188,0.6624072790145874,-0.087998054921627,0.2976130843162536,0.6540180444717407,-0.0754578486084938
paper,,,,,,,,,,,,,,,,,,,,,,,,,,,,,,,,,,,,,,,,,,,,,,,,,,,,,,,,,,,,,,,,2025-07-12T18:43:30.604379,0.2955151200294494,0.5808854699134827,4.135948472594464e-07,0.3233621716499328,0.5482285618782043,-0.0303301680833101,0.3423811495304107,0.5026699304580688,-0.0489738434553146,0.3610486984252929,0.4603639245033264,-0.0641276836395263,0.3817917704582214,0.4269381761550903,-0.07976895570755,0.2986487448215484,0.4339579939842224,-0.0425688065588474,0.2996243834495544,0.3646633625030517,-0.0631791278719902,0.2991888225078583,0.317158579826355,-0.0777700170874595,0.2977922558784485,0.274289071559906,-0.0880745500326156,0.2738702297210693,0.4314416944980621,-0.0391042716801166,0.2655076682567596,0.3523102402687073,-0.0576563589274883,0.2603935599327087,0.2989418506622314,-0.0707795619964599,0.2547011077404022,0.2512889802455902,-0.0805738419294357,0.2528260946273803,0.445972204208374,-0.0378435216844081,0.2374921441078186,0.376414954662323,-0.055286806076765,0.2284045666456222,0.3286219239234924,-0.0678438916802406,0.2214049696922302,0.2859613299369812,-0.0764974653720855,0.2355478256940841,0.4724574983119964,-0.038879208266735,0.2136658132076263,0.4271990656852722,-0.0544058345258235,0.199497640132904,0.395479291677475,-0.0636294186115264,0.1877164393663406,0.3628133535385132,-0.0701685845851898
scissors,0.1440791189670562,1.0594367980957031,9.440819326300698e-07,0.2355384081602096,0.9913044571876526,-0.0545176416635513,0.2889779508113861,0.820237398147583,-0.0693279281258583,0.2512090802192688,0.6686187982559204,-0.0824949368834495,0.183157131075859,0.572878897190094,-0.0929415971040725,0.3047558069229126,0.6452904939651489,-0.0148146878927946,0.3570261597633362,0.4620161652565002,-0.0450797379016876,0.3827286064624786,0.3503439426422119,-0.0627759993076324,0.4003588557243347,0.259730726480484,-0.0705493614077568,0.2338421791791916,0.6322240829467773,-0.0156979858875274,0.2578395009040832,0.4089103639125824,-0.0544131100177764,0.2724565863609314,0.2771744132041931,-0.0766776204109191,0.277407705783844,0.1737152934074401,-0.0813933834433555,0.1633073985576629,0.6685477495193481,-0.0245472956448793,0.1859987527132034,0.5680434107780457,-0.1030942797660827,0.2018276453018188,0.6897517442703247,-0.1178363412618637,0.1961252838373184,0.7728412747383118,-0.0998435690999031,0.0930314809083938,0.7342853546142578,-0.0352183580398559,0.1285854578018188,0.643523097038269,-0.1007474437355995,0.1542815268039703,0.7461250424385071,-0.0978050008416175,0.1560989618301391,0.8334894180297852,-0.07659762352705,,,,,,,,,,,,,,,,,,,,,,,,,,,,,,,,,,,,,,,,,,,,,,,,,,,,,,,,,,,,,,,,
scissors,,,,,,,,,,,,,,,,,,,,,,,,,,,,,,,,,,,,,,,,,,,,,,,,,,,,,,,,,,,,,,,,2025-07-12T18:43:22.893206,0.5471931099891663,0.597157895565033,3.008865121501003e-07,0.5877128839492798,0.602310061454773,-0.0088306544348597,0.6270942091941833,0.5798666477203369,-0.0159524865448474,0.6508033871650696,0.5474572777748108,-0.0261319000273942,0.64536052942276,0.509778618812561,-0.0349470414221286,0.6452869176864624,0.4698866307735443,-0.0071304524317383,0.6828216314315796,0.4121542572975158,-0.0200202260166406,0.7023414969444275,0.3755629062652588,-0.0279708206653594,0.7167685627937317,0.3403911292552948,-0.0332487076520919,0.6260846853256226,0.4469695091247558,-0.015640515834093,0.6579661965370178,0.3621452450752258,-0.034576304256916,0.6776067614555359,0.3118535876274109,-0.0464771836996078,0.6898155808448792,0.2690373957157135,-0.052080824971199,0.6029248833656311,0.4440248012542724,-0.0252219848334789,0.6393522620201111,0.4237971603870392,-0.0501037128269672,0.6408964991569519,0.4791336953639984,-0.0526671223342418,0.6351445317268372,0.5147652626037598,-0.0466054156422615,0.5812988877296448,0.457326203584671,-0.0356522090733051,0.613280713558197,0.4555619955062866,-0.0520011596381664,0.624154269695282,0.4902995228767395,-0.0508720874786376,0.62630295753479,0.5172308087348938,-0.0454438962042331
paper,,,,,,,,,,,,,,,,,,,,,,,,,,,,,,,,,,,,,,,,,,,,,,,,,,,,,,,,,,,,,,,,2025-07-12T18:43:38.290048,0.2582074999809265,0.4802730679512024,8.096244386024409e-08,0.2361294478178024,0.4225365817546844,0.0048905676230788,0.220558300614357,0.3542662858963012,0.0052971057593822,0.2021408826112747,0.3152311742305755,0.0048060109838843,0.1799012869596481,0.3020040988922119,0.0030062345322221,0.2248114794492721,0.3031659722328186,-0.0150590874254703,0.205858364701271,0.2214467525482177,-0.0307785477489233,0.189182236790657,0.1753992289304733,-0.0394395180046558,0.1711618304252624,0.1434005498886108,-0.0445342101156711,0.2386755645275116,0.3065390586853027,-0.0261100269854068,0.2210646569728851,0.2124664932489395,-0.0423420742154121,0.2053795456886291,0.1567350327968597,-0.0519845411181449,0.1888001263141632,0.1152227371931076,-0.0577641427516937,0.257456511259079,0.3235462605953216,-0.0365208461880683,0.2566055059432983,0.2341215908527374,-0.0562808439135551,0.2500196695327759,0.1797209233045578,-0.0702793970704078,0.2405262589454651,0.1339566707611084,-0.0786884427070617,0.2787645757198334,0.3510112464427948,-0.0450896956026554,0.3000311851501465,0.3009986579418182,-0.0654822811484336,0.3108634352684021,0.2662509977817535,-0.0768894106149673,0.3177978694438934,0.233603835105896,-0.0837908834218978
paper,,,,,,,,,,,,,,,,,,,,,,,,,,,,,,,,,,,,,,,,,,,,,,,,,,,,,,,,,,,,,,,,2025-07-12T18:43:55.528893,0.4459015429019928,0.869087815284729,2.0345829909729218e-07,0.4109516441822052,0.7976998090744019,-0.0029281189199537,0.3858420550823211,0.7187618017196655,-0.0081485463306307,0.3576074838638305,0.6664223074913025,-0.012968267314136,0.330005019903183,0.6500347256660461,-0.0193260684609413,0.4285869300365448,0.6840011477470398,-0.0238717328757047,0.4235916137695312,0.5872781276702881,-0.0344007834792137,0.4204486310482025,0.528412401676178,-0.0393130742013454,0.4189149439334869,0.482110321521759,-0.0427428446710109,0.4586711227893829,0.6854224801063538,-0.0290490202605724,0.4647365510463714,0.5822888016700745,-0.0377923063933849,0.4681060016155243,0.5151211023330688,-0.0428114347159862,0.4709872305393219,0.4641148149967193,-0.0474955812096595,0.4864504933357239,0.7000621557235718,-0.0333752892911434,0.50357985496521,0.6092562079429626,-0.0449768304824829,0.5163382887840271,0.5523049831390381,-0.0538269877433776,0.5252952575683594,0.508036732673645,-0.060044664889574,0.5090509057044983,0.7233944535255432,-0.0368566028773784,0.5368938446044922,0.6653403043746948,-0.0486725009977817,0.5569971203804016,0.6337966918945312,-0.0544398166239261,0.5729028582572937,0.6073732376098633,-0.0582128725945949
scissors,,,,,,,,,,,,,,,,,,,,,,,,,,,,,,,,,,,,,,,,,,,,,,,,,,,,,,,,,,,,,,,,2025-07-12T18:43:19.789219,0.2876749634742737,0.5464801788330078,3.330092681608221e-07,0.2986816465854645,0.5138059854507446,-0.0178673695772886,0.2926026284694671,0.4757595062255859,-0.0272232890129089,0.2694827020168304,0.4648236930370331,-0.036101683974266,0.2463169991970062,0.4584352672100067,-0.0442404337227344,0.2815292477607727,0.3979654908180237,-0.0143125373870134,0.2781790196895599,0.3368512690067291,-0.0276613533496856,0.2751795053482055,0.2968516945838928,-0.0374174006283283,0.2720090448856354,0.262746512889862,-0.043765977025032,0.2624059021472931,0.4081206619739532,-0.0150223029777407,0.2474214732646942,0.3478206992149353,-0.0295096766203641,0.2375218719244003,0.3107618689537048,-0.0403135754168033,0.2286884486675262,0.2765020132064819,-0.0464203990995883,0.2481149137020111,0.4335888624191284,-0.0176259763538837,0.2389174550771713,0.4043798148632049,-0.0387401320040226,0.2517250180244446,0.4345479607582092,-0.0438239052891731,0.2602863311767578,0.4586933851242065,-0.0415457189083099,0.2389976531267166,0.4669078588485718,-0.0214270371943712,0.2334672510623932,0.4445753097534179,-0.0384232103824615,0.2457236647605896,0.4635969996452331,-0.0389421284198761,0.2549166977405548,0.4824904501438141,-0.0353069603443145
scissors,,,,,,,,,,,,,,,,,,,,,,,,,,,,,,,,,,,,,,,,,,,,,,,,,,,,,,,,,,,,,,,,2025-07-12T18:43:07.435284,0.3875040709972381,0.9486390352249146,4.19966596609811e-07,0.3619490265846252,0.808674693107605,0.0124530140310525,0.3788644969463348,0.6908332705497742,0.0039681438356637,0.4221029579639435,0.629815399646759,-0.0078618358820676,0.4582233428955078,0.594726026058197,-0.0190671328455209,0.3681719899177551,0.6530730724334717,-0.0318304151296615,0.3674538731575012,0.4987705945968628,-0.0570865832269191,0.3515515029430389,0.4130339622497558,-0.0732214599847793,0.3335127830505371,0.3473369479179382,-0.0823273882269859,0.4076938331127167,0.6811259388923645,-0.0485721044242382,0.4509497582912445,0.5138856172561646,-0.0684343948960304,0.4776740670204162,0.4135846197605133,-0.08017448335886,0.4957712292671203,0.3361888527870178,-0.089362196624279,0.4482041001319885,0.7213149666786194,-0.0610930807888507,0.4954182505607605,0.5625795125961304,-0.072999469935894,0.4894365072250366,0.5838356018066406,-0.0620669461786747,0.4751233458518982,0.6227015852928162,-0.0523399263620376,0.4854619204998016,0.762339174747467,-0.0728261992335319,0.5027579069137573,0.6374334692955017,-0.0746025294065475,0.4915406405925751,0.6428132653236389,-0.0578514710068702,0.4810032844543457,0.6662237048149109,-0.0435317270457744
paper,,,,,,,,,,,,,,,,,,,,,,,,,,,,,,,,,,,,,,,,,,,,,,,,,,,,,,,,,,,,,,,,2025-07-12T18:43:40.262896,0.6848414540290833,0.4555031955242157,2.045863567445849e-07,0.730547308921814,0.5063173770904541,-0.0110071236267685,0.7830725312232971,0.5063339471817017,-0.0130038997158408,0.8188947439193726,0.5068655610084534,-0.0155149567872285,0.8408101797103882,0.5180075764656067,-0.0188068132847547,0.8194764852523804,0.3792267441749573,-0.009386290796101,0.8675371408462524,0.3369518518447876,-0.0197602920234203,0.8945632576942444,0.3043262660503387,-0.028574327006936,0.9150885343551636,0.2727203071117401,-0.0360370241105556,0.8079538345336914,0.332791119813919,-0.0151412542909383,0.8617000579833984,0.2718026340007782,-0.0259825382381677,0.8929019570350647,0.2282446771860122,-0.0366583205759525,0.9160165190696716,0.1870053708553314,-0.0446639470756053,0.7860774397850037,0.3027349710464477,-0.0227149259299039,0.8325960636138916,0.2356928586959839,-0.036056213080883,0.8604082465171814,0.191528782248497,-0.0500922091305255,0.8830568194389343,0.1510474681854248,-0.0601065941154956,0.7543181777000427,0.2841553092002868,-0.0311536025255918,0.7675155997276306,0.2111866772174835,-0.0474767498672008,0.7766396999359131,0.1620091795921325,-0.0580915585160255,0.7859866619110107,0.1171440631151199,-0.0650423020124435
paper,,,,,,,,,,,,,,,,,,,,,,,,,,,,,,,,,,,,,,,,,,,,,,,,,,,,,,,,,,,,,,,,2025-07-12T18:43:47.898037,0.1534327864646911,0.4071989059448242,3.581295118237904e-07,0.1785669028759002,0.3728445768356323,-0.0278797186911106,0.197786808013916,0.3184504210948944,-0.0421516709029674,0.2162382304668426,0.2677058577537536,-0.0533690303564071,0.2357290983200073,0.2306339293718338,-0.0641606971621513,0.1561371982097625,0.2266943305730819,-0.0273627806454896,0.1538063138723373,0.1538261920213699,-0.0426632650196552,0.1510736048221588,0.1053962260484695,-0.0553090870380401,0.1491082459688186,0.0623189657926559,-0.0647449791431427,0.1328102648258209,0.2238941490650177,-0.0236815921962261,0.1231250688433647,0.1423427462577819,-0.0368694774806499,0.118475005030632,0.0859974920749664,-0.0483001284301281,0.1156791672110557,0.0364803075790405,-0.0567604340612888,0.1141150146722793,0.2393787652254104,-0.0227081235498189,0.1008063480257988,0.1654298603534698,-0.0356431752443313,0.0943360105156898,0.1170574277639389,-0.0462749227881431,0.0908362492918968,0.0736015290021896,-0.0536991544067859,0.0987386554479599,0.2686434090137481,-0.0243031661957502,0.0806448757648468,0.2246838808059692,-0.0366305448114872,0.0696081817150116,0.1941327899694442,-0.0438144281506538,0.0613281652331352,0.1636571884155273,-0.0485535040497779
paper,,,,,,,,,,,,,,,,,,,,,,,,,,,,,,,,,,,,,,,,,,,,,,,,,,,,,,,,,,,,,,,,2025-07-12T18:43:34.355683,0.2756160199642181,0.5050246119499207,4.422748247634445e-07,0.3026621639728546,0.4809505343437195,-0.033202052116394,0.3200805783271789,0.4387263357639313,-0.0530827641487121,0.336234450340271,0.3940050601959228,-0.0685433000326156,0.358057290315628,0.3623060286045074,-0.0841614380478859,0.2767218053340912,0.3546532988548279,-0.046152152121067,0.2757463157176971,0.2806254029273987,-0.0672909095883369,0.2741665542125702,0.2282797843217849,-0.0821167528629303,0.2726086676120758,0.1822999268770218,-0.092480331659317,0.2512445747852325,0.348885715007782,-0.0409617274999618,0.241969883441925,0.2644709050655365,-0.0599291548132896,0.2377104759216308,0.2050507515668869,-0.0731825679540634,0.2345278114080429,0.1536308377981186,-0.0827494040131568,0.2304697781801223,0.3604848384857178,-0.037919744849205,0.2149044126272201,0.2853801548480987,-0.0552511103451252,0.2074731886386871,0.2314440608024597,-0.0678559020161628,0.2035765796899795,0.184755265712738,-0.0763472244143486,0.213685005903244,0.3854891657829284,-0.0373461171984672,0.1923654675483703,0.3357548117637634,-0.0522946491837501,0.1803647726774215,0.2991398572921753,-0.0612932555377483,0.1719933450222015,0.2623685896396637,-0.0675405412912368
paper,,,,,,,,,,,,,,,,,,,,,,,,,,,,,,,,,,,,,,,,,,,,,,,,,,,,,,,,,,,,,,,,2025-07-12T18:43:45.962415,0.1593977659940719,0.8029187917709351,2.678792441201949e-07,0.1790382415056228,0.7770877480506897,-0.0277360007166862,0.1901216506958007,0.7322272658348083,-0.0412777103483676,0.1975324302911758,0.6830014586448669,-0.0510489381849765,0.2067502588033676,0.6408132910728455,-0.0602814964950084,0.1491791903972625,0.6538221836090088,-0.0275588165968656,0.1436138600111007,0.5943643450737,-0.0403491780161857,0.1366912871599197,0.5545890927314758,-0.0509676188230514,0.1303605884313583,0.5184606313705444,-0.0593139491975307,0.1295069307088852,0.6525147557258606,-0.0218047630041837,0.113133430480957,0.5887861251831055,-0.0328080095350742,0.1027914434671402,0.5455092191696167,-0.0428777374327182,0.094133161008358,0.5058255791664124,-0.0507741011679172,0.1160270944237709,0.666938841342926,-0.0183518324047327,0.0979107171297073,0.6112480759620667,-0.0296098105609416,0.0866125747561454,0.573800265789032,-0.0394543372094631,0.0776544585824012,0.5394650101661682,-0.0466329045593738,0.1072968989610672,0.6933526396751404,-0.0172743313014507,0.0862021520733833,0.6646769642829895,-0.0287389010190963,0.0722489729523658,0.6428142786026001,-0.036333117634058,0.0602865740656852,0.6208475232124329,-0.0415840931236743
scissors,,,,,,,,,,,,,,,,,,,,,,,,,,,,,,,,,,,,,,,,,,,,,,,,,,,,,,,,,,,,,,,,2025-07-12T18:43:03.805000,0.4405465126037597,0.8598065972328186,6.994251862124656e-07,0.5044912099838257,0.8913538455963135,-0.0236845351755619,0.5732303261756897,0.8741134405136108,-0.0409533344209194,0.6094014048576355,0.8246297836303711,-0.0632326379418373,0.587151050567627,0.7690322399139404,-0.0821036621928215,0.6305473446846008,0.6836729645729065,-0.0181486420333385,0.6974343657493591,0.6034024953842163,-0.0475946366786956,0.7357067465782166,0.5467749834060669,-0.0655151754617691,0.7655837535858154,0.4915816187858581,-0.0778752714395523,0.5969540476799011,0.6279402375221252,-0.0339470170438289,0.6608343124389648,0.5036516189575195,-0.0774871408939361,0.7058502435684204,0.4269083142280578,-0.1030709072947502,0.7375443577766418,0.3601106405258178,-0.1146291270852088,0.5525491833686829,0.6074302792549133,-0.0528405681252479,0.6077494621276855,0.592072606086731,-0.109402097761631,0.5927979350090027,0.709811270236969,-0.1139511913061142,0.5742365121841431,0.7820144891738892,-0.0998702198266983,0.5078003406524658,0.6216453909873962,-0.0741946548223495,0.5506483912467957,0.6677213311195374,-0.1147894710302352,0.5510408878326416,0.7546547055244446,-0.1160630732774734,0.5430126190185547,0.8068671226501465,-0.1064797267317771
scissors,,,,,,,,,,,,,,,,,,,,,,,,,,,,,,,,,,,,,,,,,,,,,,,,,,,,,,,,,,,,,,,,2025-07-12T18:43:10.369627,0.2096943855285644,0.8709967136383057,8.329768093062739e-07,0.2462024241685867,0.8269302845001221,-0.0424539446830749,0.2514838874340057,0.7480392456054688,-0.0642973706126213,0.2075451165437698,0.7300344109535217,-0.0846502110362052,0.1613317728042602,0.7106654047966003,-0.1031893044710159,0.239740565419197,0.5676252841949463,-0.033140804618597,0.2556037306785583,0.4414956867694855,-0.0636043325066566,0.2683714032173157,0.363660454750061,-0.0832253396511077,0.2788098454475403,0.2959137856960296,-0.0956374406814575,0.1946203708648681,0.5685786604881287,-0.0333604589104652,0.1682709604501724,0.4220838546752929,-0.0690837055444717,0.1545629650354385,0.3273786306381225,-0.0934163704514503,0.1439179480075836,0.2404312491416931,-0.1055313423275947,0.1605959832668304,0.6066232919692993,-0.0384729728102684,0.1438243687152862,0.5478010177612305,-0.0917636528611183,0.1671262979507446,0.6374835968017578,-0.1090617552399635,0.1836868822574615,0.6996464133262634,-0.1056719422340393,0.1387021243572235,0.665007472038269,-0.0460503250360488,0.1398202329874038,0.6655321717262268,-0.0925528109073638,0.1617801785469055,0.7287046909332275,-0.1034072265028953,0.1776369661092758,0.7702039480209351,-0.1005196794867515
paper,,,,,,,,,,,,,,,,,,,,,,,,,,,,,,,,,,,,,,,,,,,,,,,,,,,,,,,,,,,,,,,,2025-07-12T18:43:32.092290,0.2824130356311798,0.5552634000778198,1.914294358584812e-07,0.2749464809894562,0.4809466302394867,-0.0049423812888562,0.2761402130126953,0.3994675278663635,-0.0115934945642948,0.269564539194107,0.3407505452632904,-0.0177058167755603,0.2542063295841217,0.3027439713478088,-0.0248813368380069,0.2916335761547088,0.4113342463970184,-0.0309042762964963,0.3036432862281799,0.3401445746421814,-0.0477079674601554,0.3076446652412414,0.2974386215209961,-0.0568656809628009,0.3074725568294525,0.2576937675476074,-0.0634418278932571,0.3071459531784057,0.4350054860115051,-0.0375759489834308,0.3258811831474304,0.3797471523284912,-0.056810013949871,0.3318041265010834,0.3381018340587616,-0.0683267340064048,0.3341155648231506,0.2993102669715881,-0.0764959976077079,0.3209737241268158,0.4679366946220398,-0.0433731600642204,0.3431854248046875,0.4309207797050476,-0.0659322813153266,0.3514832556247711,0.4006393551826477,-0.0796571373939514,0.3563306033611297,0.3693989217281341,-0.0877182036638259,0.3322585523128509,0.506400465965271,-0.0479784607887268,0.3600457608699798,0.4944633543491363,-0.0685437694191932,0.3763638138771057,0.4924446940422058,-0.0788933709263801,0.3899744153022766,0.4881086647510528,-0.0853486806154251
paper,,,,,,,,,,,,,,,,,,,,,,,,,,,,,,,,,,,,,,,,,,,,,,,,,,,,,,,,,,,,,,,,2025-07-12T18:43:52.578336,0.6502804160118103,0.5570310354232788,3.469201601546956e-07,0.7027056217193604,0.6037721037864685,-0.0156810376793146,0.7587542533874512,0.6038111448287964,-0.0213810447603464,0.8011221885681152,0.609592080116272,-0.0273095499724149,0.8296248316764832,0.6277648210525513,-0.034018687903881,0.7878586053848267,0.4547464847564697,-0.0134563622996211,0.8394335508346558,0.4097158014774322,-0.0257753785699605,0.8711290955543518,0.3796637654304504,-0.0367123372852802,0.897117018699646,0.3508093059062958,-0.0455702394247055,0.7723166942596436,0.4081966578960418,-0.0181240830570459,0.8249161839485168,0.3383215367794037,-0.0290206111967563,0.8568132519721985,0.2914247512817383,-0.0402437485754489,0.8808915019035339,0.2493287771940231,-0.0491620264947414,0.7475472688674927,0.379264622926712,-0.0251928307116031,0.7913146018981934,0.3068629503250122,-0.0385541133582592,0.8191462755203247,0.2603267431259155,-0.0523336939513683,0.8413714170455933,0.2191309928894043,-0.0623054653406143,0.7142084836959839,0.36296147108078,-0.0337621122598648,0.7283337712287903,0.288542628288269,-0.049285139888525,0.7383593916893005,0.2369339019060135,-0.0589900091290473,0.7481484413146973,0.1902339458465576,-0.0654923841357231
scissors,,,,,,,,,,,,,,,,,,,,,,,,,,,,,,,,,,,,,,,,,,,,,,,,,,,,,,,,,,,,,,,,2025-07-12T18:43:02.121974,0.2954026460647583,0.8764885663986206,8.995580174087081e-07,0.3258486986160278,0.8323063850402832,-0.062820553779602,0.3215377628803253,0.7590287327766418,-0.0924674570560455,0.282401978969574,0.7505932450294495,-0.1164468228816986,0.2380013167858123,0.7425044178962708,-0.1383008062839508,0.3011071979999542,0.5950174927711487,-0.0525006800889968,0.2892861366271972,0.4818401336669922,-0.0840350612998008,0.2805228531360626,0.4052572250366211,-0.1053802818059921,0.2717247605323791,0.3372308313846588,-0.1198131516575813,0.2643668353557586,0.613415539264679,-0.044086255133152,0.2349700033664703,0.4931843280792236,-0.0835084691643714,0.2174030691385269,0.4036625623703003,-0.1106066703796386,0.202736809849739,0.3251058161258697,-0.1244558617472648,0.2346581816673278,0.6577130556106567,-0.0423776730895042,0.2203045189380645,0.618722140789032,-0.0994295105338096,0.2465587258338928,0.6946261525154114,-0.1194618642330169,0.2650893032550812,0.738457202911377,-0.1179613545536995,0.2135272622108459,0.708357036113739,-0.0451628565788269,0.2199010103940963,0.7165265083312988,-0.0941072851419448,0.2452255487442016,0.7690752744674683,-0.1092423051595687,0.2621947824954986,0.7941292524337769,-0.1104788184165954
