Frame,Raw_X,Raw_Y
0.0,0.41849443316459656,0.5010082721710205
0.0,0.4249538481235504,0.4941520690917969
0.0,0.42371365427970886,0.49677595496177673
0.0,0.08866956830024719,0.7642119526863098
0.0,0.123735710978508,0.7164047360420227
0.0,0.16403524577617645,0.6629185080528259
0.0,0.19434408843517303,0.6083725690841675
0.0,0.22143074870109558,0.5754886269569397
0.0,0.24229967594146729,0.5445884466171265
0.0,0.25745898485183716,0.5219593048095703
0.0,0.2562575042247772,0.5226550102233887
0.0,0.27069196105003357,0.5057902336120605
0.0,0.2791190445423126,0.4898383319377899
0.0,0.28541865944862366,0.47385382652282715
0.0,0.2896851897239685,0.45992088317871094
0.0,0.2926972806453705,0.43424728512763977
0.0,0.29072901606559753,0.4186401069164276
0.0,0.28615084290504456,0.40672576427459717
0.0,0.2805750370025635,0.39724084734916687
0.0,0.2740474045276642,0.3904329240322113
0.0,0.266821950674057,0.38560569286346436
0.0,0.2593725025653839,0.3837723135948181
0.0,0.2599330246448517,0.3839002251625061
0.0,0.2520943284034729,0.382678747177124
0.0,0.24554061889648438,0.38442668318748474
0.0,0.23995159566402435,0.38766542077064514
0.0,0.235057070851326,0.39145249128341675
0.0,0.2322942018508911,0.39564239978790283
0.0,0.23195026814937592,0.4004423916339874
0.0,0.23412840068340302,0.4042351245880127
0.0,0.23864464461803436,0.40897336602211
0.0,0.23840411007404327,0.4087297320365906
0.0,0.24314317107200623,0.4133560061454773
0.0,0.2477298080921173,0.41580918431282043
0.0,0.2513676583766937,0.4173407256603241
0.0,0.25132274627685547,0.41656002402305603
0.0,0.2550469934940338,0.41747114062309265
0.0,0.26057732105255127,0.4164283275604248
0.0,0.268792986869812,0.4154622256755829
0.0,0.27773168683052063,0.41432592272758484
0.0,0.2866264581680298,0.41214537620544434
0.0,0.2855898141860962,0.4113827645778656
0.0,0.29400697350502014,0.40874773263931274
0.0,0.3002200126647949,0.40612277388572693
0.0,0.30432525277137756,0.4021649658679962
0.0,0.30808037519454956,0.4000861346721649
0.0,0.3079197406768799,0.3998930752277374
0.0,0.3117952048778534,0.3993908762931824
0.0,0.3163034915924072,0.39946067333221436
0.0,0.320923775434494,0.4017484188079834
0.0,0.32070812582969666,0.4004906415939331
0.0,0.33042284846305847,0.4064868986606598
0.0,0.33030998706817627,0.4057428538799286
0.0,0.33281147480010986,0.40775230526924133
0.0,0.3359946310520172,0.4092554450035095
0.0,0.3391708731651306,0.4107697308063507
0.0,0.3393089473247528,0.41107797622680664
0.0,0.3415251076221466,0.4119838774204254
0.0,0.3455652594566345,0.41310760378837585
0.0,0.3481432795524597,0.4140782654285431
0.0,0.3479611277580261,0.41450199484825134
0.0,0.35086148977279663,0.4134349226951599
0.0,0.3535754084587097,0.4132445752620697
0.0,0.35588717460632324,0.41218507289886475
0.0,0.3579745888710022,0.41106706857681274
0.0,0.35994476079940796,0.4102235734462738
0.0,0.36023423075675964,0.41007429361343384
0.0,0.3617866337299347,0.4104926586151123
0.0,0.3630956709384918,0.41271278262138367
0.0,0.36390164494514465,0.4155190885066986
0.0,0.3635842502117157,0.4152298867702484
0.0,0.36339473724365234,0.41981756687164307
0.0,0.3617183268070221,0.4249306321144104
0.0,0.36011838912963867,0.43325772881507874
0.0,0.3590194582939148,0.442661851644516
0.0,0.3585028648376465,0.4530697762966156
0.0,0.358364999294281,0.4526357650756836
0.0,0.3591364026069641,0.4648643434047699
0.0,0.3591105341911316,0.4773523509502411
0.0,0.3584015369415283,0.4913364052772522
0.0,0.3559095859527588,0.5063835978507996
0.0,0.35635414719581604,0.5073058605194092
0.0,0.3535242974758148,0.5223453640937805
0.0,0.3491198718547821,0.5378580093383789
0.0,0.3432468771934509,0.5519761443138123
0.0,0.344228595495224,0.5546875
0.0,0.33658257126808167,0.5678963661193848
0.0,0.3281852602958679,0.5809730291366577
0.0,0.3180885314941406,0.5943837761878967
0.0,0.30859941244125366,0.6067162156105042
0.0,0.29787400364875793,0.619373083114624
0.0,0.29715391993522644,0.6213425397872925
0.0,0.2886565625667572,0.630099356174469
0.0,0.2774953842163086,0.639947235584259
0.0,0.267317533493042,0.6481806039810181
0.0,0.26746320724487305,0.648006796836853
0.0,0.2575204372406006,0.6554625630378723
0.0,0.24849051237106323,0.6615315675735474
0.0,0.2410295456647873,0.6662380695343018
0.0,0.23740355670452118,0.6688697338104248
0.0,0.23570050299167633,0.6705955862998962
0.0,0.23583438992500305,0.6699825525283813
0.0,0.23763786256313324,0.6686999797821045
0.0,0.2437916249036789,0.6651215553283691
0.0,0.25523021817207336,0.6608076095581055
0.0,0.27122992277145386,0.6564543843269348
0.0,0.2714270055294037,0.6560993194580078
0.0,0.2909691631793976,0.6497694253921509
0.0,0.31027308106422424,0.6505732536315918
0.0,0.3319743573665619,0.6508745551109314
0.0,0.334648072719574,0.6510315537452698
0.0,0.37912195920944214,0.6590601205825806
0.0,0.38209208846092224,0.6585744619369507
0.0,0.4064665734767914,0.6623615026473999
0.0,0.4292091131210327,0.6680253744125366
0.0,0.4503195583820343,0.6731743812561035
0.0,0.44958698749542236,0.6726237535476685
0.0,0.4736361801624298,0.6758711934089661
0.0,0.49670693278312683,0.6788762211799622
0.0,0.5154656171798706,0.6772599220275879
0.0,0.5147265791893005,0.678390383720398
0.0,0.5342825651168823,0.6753884553909302
0.0,0.5536269545555115,0.677980363368988
0.0,0.5755317807197571,0.6774839758872986
0.0,0.5975322723388672,0.6794354915618896
0.0,0.6189861297607422,0.6831650137901306
0.0,0.6194133758544922,0.6838886737823486
0.0,0.6358345150947571,0.6838521361351013
0.0,0.6531168818473816,0.6875497698783875
0.0,0.669040858745575,0.6873999834060669
0.0,0.685687243938446,0.6885269284248352
0.0,0.6988304853439331,0.6897003054618835
0.0,0.7119469046592712,0.6914426684379578
0.0,0.7247500419616699,0.6926668882369995
0.0,0.7359400391578674,0.6921539306640625
0.0,0.7587606310844421,0.694145917892456
0.0,0.758499801158905,0.6940158009529114
0.0,0.7700799107551575,0.6941806674003601
0.0,0.7795352935791016,0.6943925619125366
0.0,0.7868115901947021,0.6931254863739014
0.0,0.7941212058067322,0.693045973777771
0.0,0.7995993494987488,0.6927304267883301
0.0,0.8041255474090576,0.693669319152832
0.0,0.8077446222305298,0.6957516074180603
0.0,0.8111531138420105,0.6973987221717834
0.0,0.8125231862068176,0.6990729570388794
0.0,0.8132690787315369,0.7004290223121643
0.0,0.8127089142799377,0.7070431709289551
0.0,0.8123826384544373,0.7055418491363525
0.0,0.8117029070854187,0.7094159722328186
0.0,0.8105216026306152,0.7118486166000366
0.0,0.8095887303352356,0.7146429419517517
0.0,0.8082680106163025,0.7177144885063171
0.0,0.8070346117019653,0.7197126746177673
0.0,0.8052413463592529,0.7211708426475525
0.0,0.8048242926597595,0.7237516045570374
0.0,0.8033251166343689,0.7249543070793152
0.0,0.8036351799964905,0.7260017991065979
0.0,0.8020861744880676,0.7274950742721558
0.0,0.802788496017456,0.7279146313667297
0.0,0.8012562394142151,0.7284959554672241
0.0,0.8013882040977478,0.7291160225868225
0.0,0.8003450036048889,0.7291004061698914
0.0,0.7995568513870239,0.7292775511741638
0.0,0.7990209460258484,0.7295359969139099
0.0,0.7982960939407349,0.7305966019630432
0.0,0.7991525530815125,0.7310733795166016
0.0,0.7975707650184631,0.731633186340332
0.0,0.7970946431159973,0.7330031394958496
0.0,0.7954322099685669,0.7351039052009583
0.0,0.7950665950775146,0.7351735234260559
0.0,0.7930182218551636,0.7357276678085327
0.0,0.7924692034721375,0.7369393706321716
0.0,0.7905410528182983,0.7380421757698059
0.0,0.7896981835365295,0.7395626902580261
0.0,0.7889137864112854,0.7404236197471619
0.0,0.78802090883255,0.7390137910842896
0.0,0.7876173853874207,0.7402016520500183
0.0,0.786991536617279,0.7406480312347412
0.0,0.7867750525474548,0.7410837411880493
0.0,0.7868900895118713,0.7406065464019775
0.0,0.7860850691795349,0.7401272058486938
0.0,0.7867494821548462,0.7405491471290588
0.0,0.7858160734176636,0.7401419878005981
0.0,0.7848345041275024,0.7409210801124573
0.0,0.7840980887413025,0.7421791553497314
0.0,0.783717930316925,0.7427685856819153
0.0,0.7832654118537903,0.7432051301002502
0.0,0.7830629348754883,0.7435100674629211
0.0,0.7826080918312073,0.7435022592544556
0.0,0.7823269963264465,0.7436278462409973
0.0,0.782617449760437,0.7426483631134033
0.0,0.782084047794342,0.7424432635307312
0.0,0.7824945449829102,0.7406406998634338
0.0,0.7824166417121887,0.740011990070343
0.0,0.7823432087898254,0.739388108253479
0.0,0.7809714078903198,0.7358330488204956
0.0,0.7798547148704529,0.7336048483848572
0.0,0.7780364155769348,0.7321262955665588
0.0,0.7742995023727417,0.7305012941360474
0.0,0.7690457701683044,0.7296441793441772
0.0,0.7657837271690369,0.7295634746551514
0.0,0.762719452381134,0.7304674386978149
0.0,0.7561547160148621,0.731911301612854
0.0,0.7505825757980347,0.7325114607810974
0.0,0.7417306900024414,0.7353677153587341
0.0,0.7316116094589233,0.736169695854187
0.0,0.7214934825897217,0.7387508749961853
0.0,0.7099137902259827,0.7363614439964294
0.0,0.6941799521446228,0.7364083528518677
0.0,0.6777647137641907,0.7330661416053772
0.0,0.6581668853759766,0.729781985282898
0.0,0.6393100619316101,0.7273501753807068
0.0,0.6191987991333008,0.7222761511802673
0.0,0.5996582508087158,0.7168614864349365
0.0,0.5816929936408997,0.7086373567581177
0.0,0.560563325881958,0.7010437250137329
0.0,0.5455824136734009,0.6955815553665161
0.0,0.5302335023880005,0.6842904686927795
0.0,0.5116943717002869,0.6749994158744812
0.0,0.49415820837020874,0.6635958552360535
0.0,0.4747212529182434,0.651710033416748
0.0,0.45869535207748413,0.6409295201301575
0.0,0.43957749009132385,0.6257516145706177
0.0,0.42187851667404175,0.6104027032852173
0.0,0.4041077792644501,0.5970273017883301
0.0,0.38535958528518677,0.5821701884269714
0.0,0.3695189952850342,0.565386950969696
0.0,0.3578035235404968,0.5493267178535461
0.0,0.346757173538208,0.5291417241096497
0.0,0.3361119329929352,0.5065797567367554
0.0,0.326480507850647,0.48033812642097473
0.0,0.31973519921302795,0.45300227403640747
0.0,0.3124687671661377,0.4233606159687042
0.0,0.3090096712112427,0.3954998254776001
0.0,0.30668869614601135,0.3678959012031555
0.0,0.3035545349121094,0.3406696021556854
0.0,0.30390602350234985,0.3154357373714447
0.0,0.30380547046661377,0.2927551865577698
0.0,0.30413514375686646,0.27033835649490356
0.0,0.30547916889190674,0.25071609020233154
0.0,0.3073137402534485,0.23509256541728973
0.0,0.3102020025253296,0.2205118089914322
0.0,0.313294917345047,0.21123868227005005
0.0,0.3167335093021393,0.20244400203227997
0.0,0.3212429881095886,0.19804838299751282
0.0,0.3261866569519043,0.19602596759796143
0.0,0.33352264761924744,0.19825379550457
0.0,0.3432929217815399,0.20346331596374512
0.0,0.35431528091430664,0.2129088193178177
0.0,0.3689810335636139,0.22555981576442719
0.0,0.3810058832168579,0.2422468364238739
0.0,0.38802027702331543,0.25759756565093994
0.0,0.3861367106437683,0.2572135329246521
0.0,0.3878330886363983,0.2709783613681793
0.0,0.38422590494155884,0.2798929214477539
0.0,0.37713685631752014,0.2859035134315491
0.0,0.36710938811302185,0.2897387742996216
0.0,0.35163718461990356,0.29366353154182434
0.0,0.3499525785446167,0.2943333685398102
0.0,0.3340913951396942,0.2976957857608795
0.0,0.31864312291145325,0.2993690073490143
0.0,0.3078539967536926,0.3030267655849457
0.0,0.30657392740249634,0.30397114157676697
0.0,0.30252349376678467,0.30813610553741455
0.0,0.3079270124435425,0.31675589084625244
0.0,0.3237471878528595,0.3280431628227234
0.0,0.34955909848213196,0.34255701303482056
0.0,0.3821949064731598,0.35290655493736267
0.0,0.38188740611076355,0.3518728017807007
0.0,0.41349905729293823,0.3677867650985718
0.0,0.45532745122909546,0.38498011231422424
0.0,0.504743754863739,0.39892590045928955
0.0,0.5083089470863342,0.4035417437553406
0.0,0.5645427107810974,0.42164236307144165
0.0,0.6055224537849426,0.44910237193107605
0.0,0.6414622664451599,0.47033894062042236
0.0,0.6723387837409973,0.48674869537353516
0.0,0.6905640363693237,0.4955495297908783
0.0,0.7078210711479187,0.49960464239120483
0.0,0.7138931155204773,0.5010163187980652
0.0,0.7192545533180237,0.5061904191970825
0.0,0.720134437084198,0.5080680847167969
0.0,0.7198529839515686,0.5136891007423401
0.0,0.7186141014099121,0.5193259716033936
0.0,0.7169045805931091,0.5260636806488037
0.0,0.7139358520507812,0.5320669412612915
0.0,0.7089688777923584,0.5377764701843262
0.0,0.7042574882507324,0.5447680354118347
0.0,0.6983293294906616,0.5500413179397583
0.0,0.6902398467063904,0.5558432340621948
0.0,0.6792553663253784,0.5607728958129883
0.0,0.66829514503479,0.5651899576187134
0.0,0.6573213338851929,0.5703130960464478
0.0,0.6430834531784058,0.5723708868026733
0.0,0.6264379620552063,0.5758368968963623
0.0,0.6099695563316345,0.5794669389724731
0.0,0.5943636298179626,0.5817921161651611
0.0,0.5808866024017334,0.5850737690925598
0.0,0.5685416460037231,0.5854885578155518
0.0,0.5547043681144714,0.5860032439231873
0.0,0.542151153087616,0.5847684144973755
0.0,0.5295155048370361,0.5819784998893738
0.0,0.5154227018356323,0.5808801054954529
0.0,0.5010108947753906,0.5808404684066772
0.0,0.4852496087551117,0.579745352268219
0.0,0.46716099977493286,0.5816239714622498
0.0,0.4498954117298126,0.5850839614868164
0.0,0.43078354001045227,0.5880234837532043
0.0,0.4204314351081848,0.586192786693573
0.0,0.4104363024234772,0.629746675491333
0.0,0.3951987624168396,0.6580331325531006
0.0,0.37903711199760437,0.6760630011558533
0.0,0.3503268361091614,0.6898782849311829
0.0,0.3325061798095703,0.7304858565330505
0.0,0.32169973850250244,0.7692999243736267
0.0,0.30770134925842285,0.8003596067428589
0.0,0.28391608595848083,0.855163037776947
